document_name,threshold,num_chunks,chunk_index,num_tokens
lulzbot_mini_user_manual.pdf,90,66,0,40
lulzbot_mini_user_manual.pdf,90,66,1,92
lulzbot_mini_user_manual.pdf,90,66,2,1499
lulzbot_mini_user_manual.pdf,90,66,3,220
lulzbot_mini_user_manual.pdf,90,66,4,384
lulzbot_mini_user_manual.pdf,90,66,5,80
lulzbot_mini_user_manual.pdf,90,66,6,267
lulzbot_mini_user_manual.pdf,90,66,7,186
lulzbot_mini_user_manual.pdf,90,66,8,96
lulzbot_mini_user_manual.pdf,90,66,9,262
lulzbot_mini_user_manual.pdf,90,66,10,315
lulzbot_mini_user_manual.pdf,90,66,11,165
lulzbot_mini_user_manual.pdf,90,66,12,286
lulzbot_mini_user_manual.pdf,90,66,13,217
lulzbot_mini_user_manual.pdf,90,66,14,268
lulzbot_mini_user_manual.pdf,90,66,15,45
lulzbot_mini_user_manual.pdf,90,66,16,103
lulzbot_mini_user_manual.pdf,90,66,17,281
lulzbot_mini_user_manual.pdf,90,66,18,76
lulzbot_mini_user_manual.pdf,90,66,19,26
lulzbot_mini_user_manual.pdf,90,66,20,340
lulzbot_mini_user_manual.pdf,90,66,21,4
lulzbot_mini_user_manual.pdf,90,66,22,292
lulzbot_mini_user_manual.pdf,90,66,23,154
lulzbot_mini_user_manual.pdf,90,66,24,13
lulzbot_mini_user_manual.pdf,90,66,25,73
lulzbot_mini_user_manual.pdf,90,66,26,132
lulzbot_mini_user_manual.pdf,90,66,27,63
lulzbot_mini_user_manual.pdf,90,66,28,320
lulzbot_mini_user_manual.pdf,90,66,29,402
lulzbot_mini_user_manual.pdf,90,66,30,78
lulzbot_mini_user_manual.pdf,90,66,31,188
lulzbot_mini_user_manual.pdf,90,66,32,58
lulzbot_mini_user_manual.pdf,90,66,33,344
lulzbot_mini_user_manual.pdf,90,66,34,474
lulzbot_mini_user_manual.pdf,90,66,35,419
lulzbot_mini_user_manual.pdf,90,66,36,76
lulzbot_mini_user_manual.pdf,90,66,37,612
lulzbot_mini_user_manual.pdf,90,66,38,597
lulzbot_mini_user_manual.pdf,90,66,39,60
lulzbot_mini_user_manual.pdf,90,66,40,558
lulzbot_mini_user_manual.pdf,90,66,41,250
lulzbot_mini_user_manual.pdf,90,66,42,135
lulzbot_mini_user_manual.pdf,90,66,43,5
lulzbot_mini_user_manual.pdf,90,66,44,112
lulzbot_mini_user_manual.pdf,90,66,45,264
lulzbot_mini_user_manual.pdf,90,66,46,662
lulzbot_mini_user_manual.pdf,90,66,47,387
lulzbot_mini_user_manual.pdf,90,66,48,6
lulzbot_mini_user_manual.pdf,90,66,49,223
lulzbot_mini_user_manual.pdf,90,66,50,301
lulzbot_mini_user_manual.pdf,90,66,51,1118
lulzbot_mini_user_manual.pdf,90,66,52,283
lulzbot_mini_user_manual.pdf,90,66,53,10
lulzbot_mini_user_manual.pdf,90,66,54,1415
lulzbot_mini_user_manual.pdf,90,66,55,1500
lulzbot_mini_user_manual.pdf,90,66,56,68
lulzbot_mini_user_manual.pdf,90,66,57,141
lulzbot_mini_user_manual.pdf,90,66,58,62
lulzbot_mini_user_manual.pdf,90,66,59,251
lulzbot_mini_user_manual.pdf,90,66,60,12
lulzbot_mini_user_manual.pdf,90,66,61,152
lulzbot_mini_user_manual.pdf,90,66,62,249
lulzbot_mini_user_manual.pdf,90,66,63,13
lulzbot_mini_user_manual.pdf,90,66,64,109
lulzbot_mini_user_manual.pdf,90,66,65,175
lulzbot_taz6_user_manual.pdf,90,80,0,43
lulzbot_taz6_user_manual.pdf,90,80,1,92
lulzbot_taz6_user_manual.pdf,90,80,2,1500
lulzbot_taz6_user_manual.pdf,90,80,3,374
lulzbot_taz6_user_manual.pdf,90,80,4,62
lulzbot_taz6_user_manual.pdf,90,80,5,273
lulzbot_taz6_user_manual.pdf,90,80,6,362
lulzbot_taz6_user_manual.pdf,90,80,7,232
lulzbot_taz6_user_manual.pdf,90,80,8,265
lulzbot_taz6_user_manual.pdf,90,80,9,308
lulzbot_taz6_user_manual.pdf,90,80,10,165
lulzbot_taz6_user_manual.pdf,90,80,11,601
lulzbot_taz6_user_manual.pdf,90,80,12,76
lulzbot_taz6_user_manual.pdf,90,80,13,198
lulzbot_taz6_user_manual.pdf,90,80,14,18
lulzbot_taz6_user_manual.pdf,90,80,15,321
lulzbot_taz6_user_manual.pdf,90,80,16,66
lulzbot_taz6_user_manual.pdf,90,80,17,134
lulzbot_taz6_user_manual.pdf,90,80,18,198
lulzbot_taz6_user_manual.pdf,90,80,19,87
lulzbot_taz6_user_manual.pdf,90,80,20,140
lulzbot_taz6_user_manual.pdf,90,80,21,148
lulzbot_taz6_user_manual.pdf,90,80,22,257
lulzbot_taz6_user_manual.pdf,90,80,23,485
lulzbot_taz6_user_manual.pdf,90,80,24,63
lulzbot_taz6_user_manual.pdf,90,80,25,449
lulzbot_taz6_user_manual.pdf,90,80,26,579
lulzbot_taz6_user_manual.pdf,90,80,27,523
lulzbot_taz6_user_manual.pdf,90,80,28,84
lulzbot_taz6_user_manual.pdf,90,80,29,196
lulzbot_taz6_user_manual.pdf,90,80,30,56
lulzbot_taz6_user_manual.pdf,90,80,31,142
lulzbot_taz6_user_manual.pdf,90,80,32,616
lulzbot_taz6_user_manual.pdf,90,80,33,284
lulzbot_taz6_user_manual.pdf,90,80,34,250
lulzbot_taz6_user_manual.pdf,90,80,35,53
lulzbot_taz6_user_manual.pdf,90,80,36,116
lulzbot_taz6_user_manual.pdf,90,80,37,720
lulzbot_taz6_user_manual.pdf,90,80,38,121
lulzbot_taz6_user_manual.pdf,90,80,39,5
lulzbot_taz6_user_manual.pdf,90,80,40,343
lulzbot_taz6_user_manual.pdf,90,80,41,275
lulzbot_taz6_user_manual.pdf,90,80,42,686
lulzbot_taz6_user_manual.pdf,90,80,43,43
lulzbot_taz6_user_manual.pdf,90,80,44,162
lulzbot_taz6_user_manual.pdf,90,80,45,67
lulzbot_taz6_user_manual.pdf,90,80,46,234
lulzbot_taz6_user_manual.pdf,90,80,47,61
lulzbot_taz6_user_manual.pdf,90,80,48,798
lulzbot_taz6_user_manual.pdf,90,80,49,271
lulzbot_taz6_user_manual.pdf,90,80,50,512
lulzbot_taz6_user_manual.pdf,90,80,51,156
lulzbot_taz6_user_manual.pdf,90,80,52,25
lulzbot_taz6_user_manual.pdf,90,80,53,280
lulzbot_taz6_user_manual.pdf,90,80,54,111
lulzbot_taz6_user_manual.pdf,90,80,55,443
lulzbot_taz6_user_manual.pdf,90,80,56,146
lulzbot_taz6_user_manual.pdf,90,80,57,215
lulzbot_taz6_user_manual.pdf,90,80,58,137
lulzbot_taz6_user_manual.pdf,90,80,59,208
lulzbot_taz6_user_manual.pdf,90,80,60,173
lulzbot_taz6_user_manual.pdf,90,80,61,379
lulzbot_taz6_user_manual.pdf,90,80,62,870
lulzbot_taz6_user_manual.pdf,90,80,63,143
lulzbot_taz6_user_manual.pdf,90,80,64,171
lulzbot_taz6_user_manual.pdf,90,80,65,336
lulzbot_taz6_user_manual.pdf,90,80,66,537
lulzbot_taz6_user_manual.pdf,90,80,67,29
lulzbot_taz6_user_manual.pdf,90,80,68,1368
lulzbot_taz6_user_manual.pdf,90,80,69,15
lulzbot_taz6_user_manual.pdf,90,80,70,126
lulzbot_taz6_user_manual.pdf,90,80,71,62
lulzbot_taz6_user_manual.pdf,90,80,72,252
lulzbot_taz6_user_manual.pdf,90,80,73,12
lulzbot_taz6_user_manual.pdf,90,80,74,152
lulzbot_taz6_user_manual.pdf,90,80,75,220
lulzbot_taz6_user_manual.pdf,90,80,76,33
lulzbot_taz6_user_manual.pdf,90,80,77,13
lulzbot_taz6_user_manual.pdf,90,80,78,108
lulzbot_taz6_user_manual.pdf,90,80,79,113
lulzbot_taz_workhorse_user_manual.pdf,90,105,0,47
lulzbot_taz_workhorse_user_manual.pdf,90,105,1,116
lulzbot_taz_workhorse_user_manual.pdf,90,105,2,1500
lulzbot_taz_workhorse_user_manual.pdf,90,105,3,61
lulzbot_taz_workhorse_user_manual.pdf,90,105,4,61
lulzbot_taz_workhorse_user_manual.pdf,90,105,5,273
lulzbot_taz_workhorse_user_manual.pdf,90,105,6,54
lulzbot_taz_workhorse_user_manual.pdf,90,105,7,75
lulzbot_taz_workhorse_user_manual.pdf,90,105,8,232
lulzbot_taz_workhorse_user_manual.pdf,90,105,9,231
lulzbot_taz_workhorse_user_manual.pdf,90,105,10,264
lulzbot_taz_workhorse_user_manual.pdf,90,105,11,185
lulzbot_taz_workhorse_user_manual.pdf,90,105,12,44
lulzbot_taz_workhorse_user_manual.pdf,90,105,13,115
lulzbot_taz_workhorse_user_manual.pdf,90,105,14,501
lulzbot_taz_workhorse_user_manual.pdf,90,105,15,76
lulzbot_taz_workhorse_user_manual.pdf,90,105,16,178
lulzbot_taz_workhorse_user_manual.pdf,90,105,17,285
lulzbot_taz_workhorse_user_manual.pdf,90,105,18,396
lulzbot_taz_workhorse_user_manual.pdf,90,105,19,271
lulzbot_taz_workhorse_user_manual.pdf,90,105,20,283
lulzbot_taz_workhorse_user_manual.pdf,90,105,21,128
lulzbot_taz_workhorse_user_manual.pdf,90,105,22,228
lulzbot_taz_workhorse_user_manual.pdf,90,105,23,446
lulzbot_taz_workhorse_user_manual.pdf,90,105,24,61
lulzbot_taz_workhorse_user_manual.pdf,90,105,25,88
lulzbot_taz_workhorse_user_manual.pdf,90,105,26,9
lulzbot_taz_workhorse_user_manual.pdf,90,105,27,4
lulzbot_taz_workhorse_user_manual.pdf,90,105,28,67
lulzbot_taz_workhorse_user_manual.pdf,90,105,29,124
lulzbot_taz_workhorse_user_manual.pdf,90,105,30,455
lulzbot_taz_workhorse_user_manual.pdf,90,105,31,508
lulzbot_taz_workhorse_user_manual.pdf,90,105,32,306
lulzbot_taz_workhorse_user_manual.pdf,90,105,33,76
lulzbot_taz_workhorse_user_manual.pdf,90,105,34,220
lulzbot_taz_workhorse_user_manual.pdf,90,105,35,54
lulzbot_taz_workhorse_user_manual.pdf,90,105,36,390
lulzbot_taz_workhorse_user_manual.pdf,90,105,37,227
lulzbot_taz_workhorse_user_manual.pdf,90,105,38,587
lulzbot_taz_workhorse_user_manual.pdf,90,105,39,608
lulzbot_taz_workhorse_user_manual.pdf,90,105,40,288
lulzbot_taz_workhorse_user_manual.pdf,90,105,41,205
lulzbot_taz_workhorse_user_manual.pdf,90,105,42,121
lulzbot_taz_workhorse_user_manual.pdf,90,105,43,362
lulzbot_taz_workhorse_user_manual.pdf,90,105,44,188
lulzbot_taz_workhorse_user_manual.pdf,90,105,45,229
lulzbot_taz_workhorse_user_manual.pdf,90,105,46,357
lulzbot_taz_workhorse_user_manual.pdf,90,105,47,786
lulzbot_taz_workhorse_user_manual.pdf,90,105,48,73
lulzbot_taz_workhorse_user_manual.pdf,90,105,49,301
lulzbot_taz_workhorse_user_manual.pdf,90,105,50,706
lulzbot_taz_workhorse_user_manual.pdf,90,105,51,1491
lulzbot_taz_workhorse_user_manual.pdf,90,105,52,18
lulzbot_taz_workhorse_user_manual.pdf,90,105,53,701
lulzbot_taz_workhorse_user_manual.pdf,90,105,54,292
lulzbot_taz_workhorse_user_manual.pdf,90,105,55,968
lulzbot_taz_workhorse_user_manual.pdf,90,105,56,84
lulzbot_taz_workhorse_user_manual.pdf,90,105,57,40
lulzbot_taz_workhorse_user_manual.pdf,90,105,58,50
lulzbot_taz_workhorse_user_manual.pdf,90,105,59,501
lulzbot_taz_workhorse_user_manual.pdf,90,105,60,1500
lulzbot_taz_workhorse_user_manual.pdf,90,105,61,9
lulzbot_taz_workhorse_user_manual.pdf,90,105,62,318
lulzbot_taz_workhorse_user_manual.pdf,90,105,63,116
lulzbot_taz_workhorse_user_manual.pdf,90,105,64,60
lulzbot_taz_workhorse_user_manual.pdf,90,105,65,74
lulzbot_taz_workhorse_user_manual.pdf,90,105,66,173
lulzbot_taz_workhorse_user_manual.pdf,90,105,67,53
lulzbot_taz_workhorse_user_manual.pdf,90,105,68,320
lulzbot_taz_workhorse_user_manual.pdf,90,105,69,20
lulzbot_taz_workhorse_user_manual.pdf,90,105,70,68
lulzbot_taz_workhorse_user_manual.pdf,90,105,71,157
lulzbot_taz_workhorse_user_manual.pdf,90,105,72,12
lulzbot_taz_workhorse_user_manual.pdf,90,105,73,347
lulzbot_taz_workhorse_user_manual.pdf,90,105,74,361
lulzbot_taz_workhorse_user_manual.pdf,90,105,75,300
lulzbot_taz_workhorse_user_manual.pdf,90,105,76,78
lulzbot_taz_workhorse_user_manual.pdf,90,105,77,61
lulzbot_taz_workhorse_user_manual.pdf,90,105,78,20
lulzbot_taz_workhorse_user_manual.pdf,90,105,79,60
lulzbot_taz_workhorse_user_manual.pdf,90,105,80,41
lulzbot_taz_workhorse_user_manual.pdf,90,105,81,217
lulzbot_taz_workhorse_user_manual.pdf,90,105,82,63
lulzbot_taz_workhorse_user_manual.pdf,90,105,83,398
lulzbot_taz_workhorse_user_manual.pdf,90,105,84,250
lulzbot_taz_workhorse_user_manual.pdf,90,105,85,1019
lulzbot_taz_workhorse_user_manual.pdf,90,105,86,111
lulzbot_taz_workhorse_user_manual.pdf,90,105,87,661
lulzbot_taz_workhorse_user_manual.pdf,90,105,88,229
lulzbot_taz_workhorse_user_manual.pdf,90,105,89,67
lulzbot_taz_workhorse_user_manual.pdf,90,105,90,595
lulzbot_taz_workhorse_user_manual.pdf,90,105,91,1500
lulzbot_taz_workhorse_user_manual.pdf,90,105,92,961
lulzbot_taz_workhorse_user_manual.pdf,90,105,93,98
lulzbot_taz_workhorse_user_manual.pdf,90,105,94,62
lulzbot_taz_workhorse_user_manual.pdf,90,105,95,204
lulzbot_taz_workhorse_user_manual.pdf,90,105,96,76
lulzbot_taz_workhorse_user_manual.pdf,90,105,97,12
lulzbot_taz_workhorse_user_manual.pdf,90,105,98,152
lulzbot_taz_workhorse_user_manual.pdf,90,105,99,53
lulzbot_taz_workhorse_user_manual.pdf,90,105,100,16
lulzbot_taz_workhorse_user_manual.pdf,90,105,101,62
lulzbot_taz_workhorse_user_manual.pdf,90,105,102,53
lulzbot_taz_workhorse_user_manual.pdf,90,105,103,43
lulzbot_taz_workhorse_user_manual.pdf,90,105,104,160
lulzbot_taz_pro_user_manual.pdf,90,105,0,43
lulzbot_taz_pro_user_manual.pdf,90,105,1,116
lulzbot_taz_pro_user_manual.pdf,90,105,2,1500
lulzbot_taz_pro_user_manual.pdf,90,105,3,81
lulzbot_taz_pro_user_manual.pdf,90,105,4,61
lulzbot_taz_pro_user_manual.pdf,90,105,5,273
lulzbot_taz_pro_user_manual.pdf,90,105,6,54
lulzbot_taz_pro_user_manual.pdf,90,105,7,75
lulzbot_taz_pro_user_manual.pdf,90,105,8,232
lulzbot_taz_pro_user_manual.pdf,90,105,9,231
lulzbot_taz_pro_user_manual.pdf,90,105,10,264
lulzbot_taz_pro_user_manual.pdf,90,105,11,185
lulzbot_taz_pro_user_manual.pdf,90,105,12,44
lulzbot_taz_pro_user_manual.pdf,90,105,13,115
lulzbot_taz_pro_user_manual.pdf,90,105,14,501
lulzbot_taz_pro_user_manual.pdf,90,105,15,76
lulzbot_taz_pro_user_manual.pdf,90,105,16,16
lulzbot_taz_pro_user_manual.pdf,90,105,17,324
lulzbot_taz_pro_user_manual.pdf,90,105,18,94
lulzbot_taz_pro_user_manual.pdf,90,105,19,427
lulzbot_taz_pro_user_manual.pdf,90,105,20,271
lulzbot_taz_pro_user_manual.pdf,90,105,21,283
lulzbot_taz_pro_user_manual.pdf,90,105,22,128
lulzbot_taz_pro_user_manual.pdf,90,105,23,821
lulzbot_taz_pro_user_manual.pdf,90,105,24,57
lulzbot_taz_pro_user_manual.pdf,90,105,25,9
lulzbot_taz_pro_user_manual.pdf,90,105,26,412
lulzbot_taz_pro_user_manual.pdf,90,105,27,236
lulzbot_taz_pro_user_manual.pdf,90,105,28,313
lulzbot_taz_pro_user_manual.pdf,90,105,29,190
lulzbot_taz_pro_user_manual.pdf,90,105,30,133
lulzbot_taz_pro_user_manual.pdf,90,105,31,249
lulzbot_taz_pro_user_manual.pdf,90,105,32,223
lulzbot_taz_pro_user_manual.pdf,90,105,33,266
lulzbot_taz_pro_user_manual.pdf,90,105,34,183
lulzbot_taz_pro_user_manual.pdf,90,105,35,127
lulzbot_taz_pro_user_manual.pdf,90,105,36,685
lulzbot_taz_pro_user_manual.pdf,90,105,37,265
lulzbot_taz_pro_user_manual.pdf,90,105,38,336
lulzbot_taz_pro_user_manual.pdf,90,105,39,288
lulzbot_taz_pro_user_manual.pdf,90,105,40,66
lulzbot_taz_pro_user_manual.pdf,90,105,41,162
lulzbot_taz_pro_user_manual.pdf,90,105,42,467
lulzbot_taz_pro_user_manual.pdf,90,105,43,181
lulzbot_taz_pro_user_manual.pdf,90,105,44,71
lulzbot_taz_pro_user_manual.pdf,90,105,45,410
lulzbot_taz_pro_user_manual.pdf,90,105,46,69
lulzbot_taz_pro_user_manual.pdf,90,105,47,1500
lulzbot_taz_pro_user_manual.pdf,90,105,48,256
lulzbot_taz_pro_user_manual.pdf,90,105,49,22
lulzbot_taz_pro_user_manual.pdf,90,105,50,119
lulzbot_taz_pro_user_manual.pdf,90,105,51,630
lulzbot_taz_pro_user_manual.pdf,90,105,52,885
lulzbot_taz_pro_user_manual.pdf,90,105,53,805
lulzbot_taz_pro_user_manual.pdf,90,105,54,194
lulzbot_taz_pro_user_manual.pdf,90,105,55,253
lulzbot_taz_pro_user_manual.pdf,90,105,56,737
lulzbot_taz_pro_user_manual.pdf,90,105,57,65
lulzbot_taz_pro_user_manual.pdf,90,105,58,40
lulzbot_taz_pro_user_manual.pdf,90,105,59,50
lulzbot_taz_pro_user_manual.pdf,90,105,60,382
lulzbot_taz_pro_user_manual.pdf,90,105,61,1185
lulzbot_taz_pro_user_manual.pdf,90,105,62,322
lulzbot_taz_pro_user_manual.pdf,90,105,63,547
lulzbot_taz_pro_user_manual.pdf,90,105,64,53
lulzbot_taz_pro_user_manual.pdf,90,105,65,74
lulzbot_taz_pro_user_manual.pdf,90,105,66,50
lulzbot_taz_pro_user_manual.pdf,90,105,67,176
lulzbot_taz_pro_user_manual.pdf,90,105,68,178
lulzbot_taz_pro_user_manual.pdf,90,105,69,142
lulzbot_taz_pro_user_manual.pdf,90,105,70,20
lulzbot_taz_pro_user_manual.pdf,90,105,71,68
lulzbot_taz_pro_user_manual.pdf,90,105,72,16
lulzbot_taz_pro_user_manual.pdf,90,105,73,64
lulzbot_taz_pro_user_manual.pdf,90,105,74,584
lulzbot_taz_pro_user_manual.pdf,90,105,75,53
lulzbot_taz_pro_user_manual.pdf,90,105,76,149
lulzbot_taz_pro_user_manual.pdf,90,105,77,318
lulzbot_taz_pro_user_manual.pdf,90,105,78,78
lulzbot_taz_pro_user_manual.pdf,90,105,79,54
lulzbot_taz_pro_user_manual.pdf,90,105,80,20
lulzbot_taz_pro_user_manual.pdf,90,105,81,60
lulzbot_taz_pro_user_manual.pdf,90,105,82,53
lulzbot_taz_pro_user_manual.pdf,90,105,83,268
lulzbot_taz_pro_user_manual.pdf,90,105,84,403
lulzbot_taz_pro_user_manual.pdf,90,105,85,250
lulzbot_taz_pro_user_manual.pdf,90,105,86,1017
lulzbot_taz_pro_user_manual.pdf,90,105,87,108
lulzbot_taz_pro_user_manual.pdf,90,105,88,245
lulzbot_taz_pro_user_manual.pdf,90,105,89,414
lulzbot_taz_pro_user_manual.pdf,90,105,90,418
lulzbot_taz_pro_user_manual.pdf,90,105,91,595
lulzbot_taz_pro_user_manual.pdf,90,105,92,1500
lulzbot_taz_pro_user_manual.pdf,90,105,93,972
lulzbot_taz_pro_user_manual.pdf,90,105,94,111
lulzbot_taz_pro_user_manual.pdf,90,105,95,62
lulzbot_taz_pro_user_manual.pdf,90,105,96,291
lulzbot_taz_pro_user_manual.pdf,90,105,97,12
lulzbot_taz_pro_user_manual.pdf,90,105,98,152
lulzbot_taz_pro_user_manual.pdf,90,105,99,82
lulzbot_taz_pro_user_manual.pdf,90,105,100,62
lulzbot_taz_pro_user_manual.pdf,90,105,101,53
lulzbot_taz_pro_user_manual.pdf,90,105,102,28
lulzbot_taz_pro_user_manual.pdf,90,105,103,15
lulzbot_taz_pro_user_manual.pdf,90,105,104,160
niosh_safe_3d_printing_2024-103.pdf,90,235,0,214
niosh_safe_3d_printing_2024-103.pdf,90,235,1,51
niosh_safe_3d_printing_2024-103.pdf,90,235,2,150
niosh_safe_3d_printing_2024-103.pdf,90,235,3,24
niosh_safe_3d_printing_2024-103.pdf,90,235,4,351
niosh_safe_3d_printing_2024-103.pdf,90,235,5,6
niosh_safe_3d_printing_2024-103.pdf,90,235,6,2
niosh_safe_3d_printing_2024-103.pdf,90,235,7,124
niosh_safe_3d_printing_2024-103.pdf,90,235,8,12
niosh_safe_3d_printing_2024-103.pdf,90,235,9,118
niosh_safe_3d_printing_2024-103.pdf,90,235,10,12
niosh_safe_3d_printing_2024-103.pdf,90,235,11,108
niosh_safe_3d_printing_2024-103.pdf,90,235,12,11
niosh_safe_3d_printing_2024-103.pdf,90,235,13,102
niosh_safe_3d_printing_2024-103.pdf,90,235,14,23
niosh_safe_3d_printing_2024-103.pdf,90,235,15,42
niosh_safe_3d_printing_2024-103.pdf,90,235,16,2
niosh_safe_3d_printing_2024-103.pdf,90,235,17,12
niosh_safe_3d_printing_2024-103.pdf,90,235,18,86
niosh_safe_3d_printing_2024-103.pdf,90,235,19,2
niosh_safe_3d_printing_2024-103.pdf,90,235,20,12
niosh_safe_3d_printing_2024-103.pdf,90,235,21,90
niosh_safe_3d_printing_2024-103.pdf,90,235,22,22
niosh_safe_3d_printing_2024-103.pdf,90,235,23,24
niosh_safe_3d_printing_2024-103.pdf,90,235,24,2
niosh_safe_3d_printing_2024-103.pdf,90,235,25,11
niosh_safe_3d_printing_2024-103.pdf,90,235,26,108
niosh_safe_3d_printing_2024-103.pdf,90,235,27,2
niosh_safe_3d_printing_2024-103.pdf,90,235,28,9
niosh_safe_3d_printing_2024-103.pdf,90,235,29,116
niosh_safe_3d_printing_2024-103.pdf,90,235,30,2
niosh_safe_3d_printing_2024-103.pdf,90,235,31,11
niosh_safe_3d_printing_2024-103.pdf,90,235,32,108
niosh_safe_3d_printing_2024-103.pdf,90,235,33,2
niosh_safe_3d_printing_2024-103.pdf,90,235,34,12
niosh_safe_3d_printing_2024-103.pdf,90,235,35,86
niosh_safe_3d_printing_2024-103.pdf,90,235,36,2
niosh_safe_3d_printing_2024-103.pdf,90,235,37,9
niosh_safe_3d_printing_2024-103.pdf,90,235,38,112
niosh_safe_3d_printing_2024-103.pdf,90,235,39,2
niosh_safe_3d_printing_2024-103.pdf,90,235,40,10
niosh_safe_3d_printing_2024-103.pdf,90,235,41,114
niosh_safe_3d_printing_2024-103.pdf,90,235,42,2
niosh_safe_3d_printing_2024-103.pdf,90,235,43,9
niosh_safe_3d_printing_2024-103.pdf,90,235,44,120
niosh_safe_3d_printing_2024-103.pdf,90,235,45,2
niosh_safe_3d_printing_2024-103.pdf,90,235,46,15
niosh_safe_3d_printing_2024-103.pdf,90,235,47,80
niosh_safe_3d_printing_2024-103.pdf,90,235,48,2
niosh_safe_3d_printing_2024-103.pdf,90,235,49,9
niosh_safe_3d_printing_2024-103.pdf,90,235,50,118
niosh_safe_3d_printing_2024-103.pdf,90,235,51,2
niosh_safe_3d_printing_2024-103.pdf,90,235,52,9
niosh_safe_3d_printing_2024-103.pdf,90,235,53,112
niosh_safe_3d_printing_2024-103.pdf,90,235,54,2
niosh_safe_3d_printing_2024-103.pdf,90,235,55,9
niosh_safe_3d_printing_2024-103.pdf,90,235,56,118
niosh_safe_3d_printing_2024-103.pdf,90,235,57,2
niosh_safe_3d_printing_2024-103.pdf,90,235,58,13
niosh_safe_3d_printing_2024-103.pdf,90,235,59,74
niosh_safe_3d_printing_2024-103.pdf,90,235,60,2
niosh_safe_3d_printing_2024-103.pdf,90,235,61,12
niosh_safe_3d_printing_2024-103.pdf,90,235,62,92
niosh_safe_3d_printing_2024-103.pdf,90,235,63,12
niosh_safe_3d_printing_2024-103.pdf,90,235,64,68
niosh_safe_3d_printing_2024-103.pdf,90,235,65,2
niosh_safe_3d_printing_2024-103.pdf,90,235,66,10
niosh_safe_3d_printing_2024-103.pdf,90,235,67,92
niosh_safe_3d_printing_2024-103.pdf,90,235,68,2
niosh_safe_3d_printing_2024-103.pdf,90,235,69,13
niosh_safe_3d_printing_2024-103.pdf,90,235,70,96
niosh_safe_3d_printing_2024-103.pdf,90,235,71,2
niosh_safe_3d_printing_2024-103.pdf,90,235,72,12
niosh_safe_3d_printing_2024-103.pdf,90,235,73,90
niosh_safe_3d_printing_2024-103.pdf,90,235,74,2
niosh_safe_3d_printing_2024-103.pdf,90,235,75,10
niosh_safe_3d_printing_2024-103.pdf,90,235,76,96
niosh_safe_3d_printing_2024-103.pdf,90,235,77,2
niosh_safe_3d_printing_2024-103.pdf,90,235,78,11
niosh_safe_3d_printing_2024-103.pdf,90,235,79,92
niosh_safe_3d_printing_2024-103.pdf,90,235,80,2
niosh_safe_3d_printing_2024-103.pdf,90,235,81,11
niosh_safe_3d_printing_2024-103.pdf,90,235,82,80
niosh_safe_3d_printing_2024-103.pdf,90,235,83,44
niosh_safe_3d_printing_2024-103.pdf,90,235,84,88
niosh_safe_3d_printing_2024-103.pdf,90,235,85,12
niosh_safe_3d_printing_2024-103.pdf,90,235,86,86
niosh_safe_3d_printing_2024-103.pdf,90,235,87,10
niosh_safe_3d_printing_2024-103.pdf,90,235,88,104
niosh_safe_3d_printing_2024-103.pdf,90,235,89,9
niosh_safe_3d_printing_2024-103.pdf,90,235,90,122
niosh_safe_3d_printing_2024-103.pdf,90,235,91,16
niosh_safe_3d_printing_2024-103.pdf,90,235,92,90
niosh_safe_3d_printing_2024-103.pdf,90,235,93,560
niosh_safe_3d_printing_2024-103.pdf,90,235,94,21
niosh_safe_3d_printing_2024-103.pdf,90,235,95,45
niosh_safe_3d_printing_2024-103.pdf,90,235,96,121
niosh_safe_3d_printing_2024-103.pdf,90,235,97,277
niosh_safe_3d_printing_2024-103.pdf,90,235,98,20
niosh_safe_3d_printing_2024-103.pdf,90,235,99,174
niosh_safe_3d_printing_2024-103.pdf,90,235,100,358
niosh_safe_3d_printing_2024-103.pdf,90,235,101,133
niosh_safe_3d_printing_2024-103.pdf,90,235,102,243
niosh_safe_3d_printing_2024-103.pdf,90,235,103,88
niosh_safe_3d_printing_2024-103.pdf,90,235,104,49
niosh_safe_3d_printing_2024-103.pdf,90,235,105,47
niosh_safe_3d_printing_2024-103.pdf,90,235,106,3
niosh_safe_3d_printing_2024-103.pdf,90,235,107,420
niosh_safe_3d_printing_2024-103.pdf,90,235,108,153
niosh_safe_3d_printing_2024-103.pdf,90,235,109,19
niosh_safe_3d_printing_2024-103.pdf,90,235,110,390
niosh_safe_3d_printing_2024-103.pdf,90,235,111,31
niosh_safe_3d_printing_2024-103.pdf,90,235,112,61
niosh_safe_3d_printing_2024-103.pdf,90,235,113,31
niosh_safe_3d_printing_2024-103.pdf,90,235,114,79
niosh_safe_3d_printing_2024-103.pdf,90,235,115,38
niosh_safe_3d_printing_2024-103.pdf,90,235,116,77
niosh_safe_3d_printing_2024-103.pdf,90,235,117,23
niosh_safe_3d_printing_2024-103.pdf,90,235,118,145
niosh_safe_3d_printing_2024-103.pdf,90,235,119,99
niosh_safe_3d_printing_2024-103.pdf,90,235,120,52
niosh_safe_3d_printing_2024-103.pdf,90,235,121,67
niosh_safe_3d_printing_2024-103.pdf,90,235,122,21
niosh_safe_3d_printing_2024-103.pdf,90,235,123,78
niosh_safe_3d_printing_2024-103.pdf,90,235,124,75
niosh_safe_3d_printing_2024-103.pdf,90,235,125,39
niosh_safe_3d_printing_2024-103.pdf,90,235,126,164
niosh_safe_3d_printing_2024-103.pdf,90,235,127,56
niosh_safe_3d_printing_2024-103.pdf,90,235,128,28
niosh_safe_3d_printing_2024-103.pdf,90,235,129,157
niosh_safe_3d_printing_2024-103.pdf,90,235,130,99
niosh_safe_3d_printing_2024-103.pdf,90,235,131,32
niosh_safe_3d_printing_2024-103.pdf,90,235,132,62
niosh_safe_3d_printing_2024-103.pdf,90,235,133,11
niosh_safe_3d_printing_2024-103.pdf,90,235,134,87
niosh_safe_3d_printing_2024-103.pdf,90,235,135,56
niosh_safe_3d_printing_2024-103.pdf,90,235,136,696
niosh_safe_3d_printing_2024-103.pdf,90,235,137,133
niosh_safe_3d_printing_2024-103.pdf,90,235,138,74
niosh_safe_3d_printing_2024-103.pdf,90,235,139,165
niosh_safe_3d_printing_2024-103.pdf,90,235,140,46
niosh_safe_3d_printing_2024-103.pdf,90,235,141,334
niosh_safe_3d_printing_2024-103.pdf,90,235,142,122
niosh_safe_3d_printing_2024-103.pdf,90,235,143,132
niosh_safe_3d_printing_2024-103.pdf,90,235,144,105
niosh_safe_3d_printing_2024-103.pdf,90,235,145,477
niosh_safe_3d_printing_2024-103.pdf,90,235,146,242
niosh_safe_3d_printing_2024-103.pdf,90,235,147,18
niosh_safe_3d_printing_2024-103.pdf,90,235,148,97
niosh_safe_3d_printing_2024-103.pdf,90,235,149,60
niosh_safe_3d_printing_2024-103.pdf,90,235,150,7
niosh_safe_3d_printing_2024-103.pdf,90,235,151,195
niosh_safe_3d_printing_2024-103.pdf,90,235,152,7
niosh_safe_3d_printing_2024-103.pdf,90,235,153,52
niosh_safe_3d_printing_2024-103.pdf,90,235,154,114
niosh_safe_3d_printing_2024-103.pdf,90,235,155,245
niosh_safe_3d_printing_2024-103.pdf,90,235,156,218
niosh_safe_3d_printing_2024-103.pdf,90,235,157,241
niosh_safe_3d_printing_2024-103.pdf,90,235,158,108
niosh_safe_3d_printing_2024-103.pdf,90,235,159,4
niosh_safe_3d_printing_2024-103.pdf,90,235,160,640
niosh_safe_3d_printing_2024-103.pdf,90,235,161,69
niosh_safe_3d_printing_2024-103.pdf,90,235,162,23
niosh_safe_3d_printing_2024-103.pdf,90,235,163,536
niosh_safe_3d_printing_2024-103.pdf,90,235,164,114
niosh_safe_3d_printing_2024-103.pdf,90,235,165,121
niosh_safe_3d_printing_2024-103.pdf,90,235,166,422
niosh_safe_3d_printing_2024-103.pdf,90,235,167,54
niosh_safe_3d_printing_2024-103.pdf,90,235,168,82
niosh_safe_3d_printing_2024-103.pdf,90,235,169,448
niosh_safe_3d_printing_2024-103.pdf,90,235,170,124
niosh_safe_3d_printing_2024-103.pdf,90,235,171,183
niosh_safe_3d_printing_2024-103.pdf,90,235,172,466
niosh_safe_3d_printing_2024-103.pdf,90,235,173,65
niosh_safe_3d_printing_2024-103.pdf,90,235,174,4
niosh_safe_3d_printing_2024-103.pdf,90,235,175,216
niosh_safe_3d_printing_2024-103.pdf,90,235,176,683
niosh_safe_3d_printing_2024-103.pdf,90,235,177,358
niosh_safe_3d_printing_2024-103.pdf,90,235,178,133
niosh_safe_3d_printing_2024-103.pdf,90,235,179,7
niosh_safe_3d_printing_2024-103.pdf,90,235,180,70
niosh_safe_3d_printing_2024-103.pdf,90,235,181,84
niosh_safe_3d_printing_2024-103.pdf,90,235,182,92
niosh_safe_3d_printing_2024-103.pdf,90,235,183,56
niosh_safe_3d_printing_2024-103.pdf,90,235,184,9
niosh_safe_3d_printing_2024-103.pdf,90,235,185,106
niosh_safe_3d_printing_2024-103.pdf,90,235,186,62
niosh_safe_3d_printing_2024-103.pdf,90,235,187,17
niosh_safe_3d_printing_2024-103.pdf,90,235,188,56
niosh_safe_3d_printing_2024-103.pdf,90,235,189,26
niosh_safe_3d_printing_2024-103.pdf,90,235,190,86
niosh_safe_3d_printing_2024-103.pdf,90,235,191,275
niosh_safe_3d_printing_2024-103.pdf,90,235,192,34
niosh_safe_3d_printing_2024-103.pdf,90,235,193,78
niosh_safe_3d_printing_2024-103.pdf,90,235,194,76
niosh_safe_3d_printing_2024-103.pdf,90,235,195,15
niosh_safe_3d_printing_2024-103.pdf,90,235,196,152
niosh_safe_3d_printing_2024-103.pdf,90,235,197,59
niosh_safe_3d_printing_2024-103.pdf,90,235,198,46
niosh_safe_3d_printing_2024-103.pdf,90,235,199,93
niosh_safe_3d_printing_2024-103.pdf,90,235,200,6
niosh_safe_3d_printing_2024-103.pdf,90,235,201,95
niosh_safe_3d_printing_2024-103.pdf,90,235,202,25
niosh_safe_3d_printing_2024-103.pdf,90,235,203,48
niosh_safe_3d_printing_2024-103.pdf,90,235,204,113
niosh_safe_3d_printing_2024-103.pdf,90,235,205,47
niosh_safe_3d_printing_2024-103.pdf,90,235,206,33
niosh_safe_3d_printing_2024-103.pdf,90,235,207,44
niosh_safe_3d_printing_2024-103.pdf,90,235,208,98
niosh_safe_3d_printing_2024-103.pdf,90,235,209,107
niosh_safe_3d_printing_2024-103.pdf,90,235,210,6
niosh_safe_3d_printing_2024-103.pdf,90,235,211,78
niosh_safe_3d_printing_2024-103.pdf,90,235,212,23
niosh_safe_3d_printing_2024-103.pdf,90,235,213,62
niosh_safe_3d_printing_2024-103.pdf,90,235,214,91
niosh_safe_3d_printing_2024-103.pdf,90,235,215,47
niosh_safe_3d_printing_2024-103.pdf,90,235,216,74
niosh_safe_3d_printing_2024-103.pdf,90,235,217,33
niosh_safe_3d_printing_2024-103.pdf,90,235,218,65
niosh_safe_3d_printing_2024-103.pdf,90,235,219,34
niosh_safe_3d_printing_2024-103.pdf,90,235,220,66
niosh_safe_3d_printing_2024-103.pdf,90,235,221,46
niosh_safe_3d_printing_2024-103.pdf,90,235,222,449
niosh_safe_3d_printing_2024-103.pdf,90,235,223,143
niosh_safe_3d_printing_2024-103.pdf,90,235,224,66
niosh_safe_3d_printing_2024-103.pdf,90,235,225,6
niosh_safe_3d_printing_2024-103.pdf,90,235,226,260
niosh_safe_3d_printing_2024-103.pdf,90,235,227,351
niosh_safe_3d_printing_2024-103.pdf,90,235,228,93
niosh_safe_3d_printing_2024-103.pdf,90,235,229,116
niosh_safe_3d_printing_2024-103.pdf,90,235,230,167
niosh_safe_3d_printing_2024-103.pdf,90,235,231,95
niosh_safe_3d_printing_2024-103.pdf,90,235,232,133
niosh_safe_3d_printing_2024-103.pdf,90,235,233,44
niosh_safe_3d_printing_2024-103.pdf,90,235,234,127
